,Insured_City,Insured_State
27,ROANOKE,VA
34,VIRGINIA BEACH,VA
169,ALEXANDRIA,VA
263,RICHMOND,VA
499,CHESAPEAKE,VA
501,SPRINGFIELD,VA
570,CLARKSVILLE,VA
576,DANVILLE,VA
699,BRISTOW,VA
804,CLIFTON,VA
859,DALE CITY,VA
899,LEESBURG,VA
1172,CHANTILLY,VA
1192,MIDDLEBURG,VA
1398,CHARLOTTESVILLE,VA
1964,MILTON,VA
2078,QUANTICO,VA
2292,GOOCHLAND,VA
2506,BEALETON,VA
2529,MECHANICSVILLE,VA
2711,WILLIAMSBURG,VA
2747,MANASSAS,VA
2789,MARSHALL,VA
3234,NEWPORT NEWS,VA
3354,MCLEAN,VA
3571,CHESTER,VA
3612,NORFOLK,VA
3694,OAKTON,VA
3723,PORTSMOUTH,VA
3773,ARLINGTON,VA
3940,VIENNA,VA
4028,FAIRFAX,VA
4328,CHINCOTEAGUE,VA
4385,CROZET,VA
4591,NEW CHURCH,VA
4649,EMPONA,VA
4756,OILVILLE,VA
5023,DOLPHIN,VA
5057,COBBS CREEK,VA
5390,MACHIPONGO,VA
6576,BLUEFIELD,VA
6780,PETERSBURG,VA
6971,RUTHER GLEN,VA
7014,NORTON,VA
7273,LYNCHBURG,VA
7280,MARTINSVILLE,VA
7358,MANAKIN SABOT,VA
7619,KING GEORGE,VA
7633,MIDLOTHIAN,VA
7696,SOUTH RIDING,VA
7973,SALUDA,VA
8002,DAMASCUS,VA
8296,FREDERICKSBURG,VA
8470,WINCHESTER,VA
8682,BEALTON,VA
8841,HAMILTON,VA
9177,SANDSTON,VA
9187,BIG STONE GAP,VA
9241,NORTH CHESTERFIELD,VA
9355,STERLING,VA
9611,SINGERS GLEN,VA
9632,EMPORIA,VA
9663,WAYNESBORO,VA
9821,MATHEWS,VA
10085,CARROLLTON,VA
10508,MADISON,VA
10557,COLONIAL HEIGHTS,VA
10611,BURKE,VA
10957,FREDERICKS,VA
11469,HENRICO,VA
11923,POQUOSON,VA
12244,ELK CREEK,VA
13052,MIDDLETON,VA
13252,CALLAWAY,VA
13593,CHESTERFIELD,VA
13733,POWHATAN,VA
13735,JAMAICA,VA
13737,OAKWOOD,VA
13810,HERNDON,VA
13877,ASHLAND,VA
14090,BLACKSTONE,VA
14377,SUFFOLK,VA
14951,FALLS CHURCH,VA
14971,CHASE CITY,VA
15345,PENNLAIRD,VA
15497,ASHBURN,VA
15651,BUENA VISTA,VA
15697,YORKTOWN,VA
16100,LINDEN,VA
17083,DILLWYN,VA
17368,ROCKY MOUNTAIN,VA
17514,ABINGDON,VA
17623,STAUNTON,VA
18332,ALTAVISTA,VA
18429,WHITE MARSH,VA
18574,MONETA,VA
18586,ANNANDALE,VA
19128,NOKESVILLE,VA
19600,GREAT FALLS,VA
19691,ONLEY,VA
19731,DUBLIN,VA
20099,RESTON,VA
20828,GLEN ALLEN,VA
21217,VICTORIA,VA
21513,AYLETT,VA
21568,CULPEPER,VA
22169,KILMARNOCK,VA
22340,SPRING GROVE,VA
22767,LEBANON,VA
23055,LORTON,VA
24489,TOANO,VA
24520,DRAKES BRANCH,VA
24620,BRISTOL,VA
24932,DALLAS,VA
24971,POUND,VA
25244,STAFFORD,VA
25246,GAINESVILLE,VA
25874,FABER,VA
26826,HAMPTON,VA
26886,HAYES,VA
27119,APPOMATTOX,VA
28412,CAPE CHARLES,VA
28802,UPPERVILLE,VA
28870,STUARTS DRAFT,VA
29091,SPOTSYLVANIA COURTHOUSE,VA
29386,GALAX,VA
29698,DRYDEN,VA
30507,SMITHFIELD,VA
30619,SPOTSYLVANIA,VA
30697,OCCOQUAN,VA
30877,GORDONSVILLE,VA
31508,HOPEWELL,VA
32184,MERRIFIELD,VA
32247,BRANDY STATION,VA
32347,CENTREVILLE,VA
32462,CATHARPIN,VA
32595,FREDRICKSBURG,VA
33215,BOWLING GREEN,VA
33294,WOODBRIDGE,VA
33326,TROUTVILLE,VA
33441,ALDIE,VA
34215,COLONIAL BEACH,VA
34683,COURTLAND,VA
34841,DUMFRIES,VA
34960,RIDGEWAY,VA
35354,WARRENTON,VA
35797,TYSONS,VA
35835,NORTH SPRINGFIELD,VA
36150,HAYMARKET,VA
36324,LAWRENCE,VA
36395,FRONT ROYAL,VA
36549,STRASBURG,VA
37951,BRIGHTWOOD,VA
38072,SCOTTSVILLE,VA
38468,COLUMBIA,VA
38717,FREDERSBURG,VA
40375,CEDAR BLUFF,VA
40487,CULPEPPER,VA
41359,REMINGTON,VA
42092,NEWTON,VA
42977,WHITESTONE,VA
43294,HARRISONBURG,VA
44959,NARROWS,VA
44987,FISHERSVILLE,VA
45763,DAY FORK,VA
47195,MONTROSS,VA
47504,HORNTOWN,VA
48483,ALTON,VA
48489,STANLEY,VA
48557,CHERITON,VA
49166,VINTON,VA
50015,HANOVER,VA
50086,RIXEYVILLE,VA
50218,MINERAL,VA
50566,SPERRYVILLE,VA
50651,LANEXA,VA
50932,STUART,VA
51537,FREDERICSBURG,VA
52237,RONAOKE,VA
53086,CENTERVILLE,VA
53231,TRIANGLE,VA
53873,VIRGINA BEACH,VA
54512,HERDON,VA
57755,OAKHILL,VA
58660,CATLETT,VA
58970,NEW KENT,VA
59017,GLOUCESTER,VA
59118,CUMBERLAND,VA
61411,BEDFORD,VA
61670,NEW RIVER,VA
61808,PARTLOW,VA
62745,MONTCLAIR,VA
63526,LAKE RIDGE,VA
64928,NEW MARKET,VA
65896,MEADOWS OF DAN,VA
66169,BARHAMSVILLE,VA
67184,ORLEAN,VA
67482,N CHESTERFIELD,VA
67592,TAZEWELL,VA
67936,BARBOURSVILLE,VA
68301,BURKEVILLE,VA
68748,BRAMBLETON,VA
69057,KENBRIDGE,VA
69897,WYTHEVILLE,VA
70329,ASBURN,VA
70375,LOUISA,VA
70949,N. CHESTERFIELD,VA
71610,SURRY,VA
72342,WASHINGTON,VA
72778,WHITE STONE,VA
73004,NATURAL BRIDGE,VA
74064,OAK HILL,VA
74619,LURAY,VA
75654,HOLLINS,VA
76228,VIRGINIA,VA
76255,23430,VA
76463,ANANDALE,VA
76496,HEATHSVILLE,VA
76840,DINWIDDIE,VA
78214,RUCKERSVILLE,VA
79212,WEST POINT,VA
80232,SALEM,VA
80467,BLAND,VA
81068,WISE,VA
81443,BROOKNEAL,VA
82412,GLEN ALLEN VA,VA
82528,FARMVILLE,VA
84518,LOCUST HILL,VA
84932,FORT BELVOIR,VA
86362,NEWPORT NEWS CITY,VA
87201,AMHERST,VA
87745,CHARLOTTSVILLE,VA
89006,BUMPASS,VA
89180,BASSETT,VA
91327,SOUTH ABINGTON,VA
91387,PHOENIXVILLE,VA
91685,PULASKI,VA
91874,ROCKY MOUNT,VA
93796,CANA,VA
94233,WALDORF,VA
94506,COEBURN,VA
94735,PENNINGTON GAP,VA
95430,DALEVILLE,VA
96865,LUNCHBURG,VA
99233,ROUND HILL,VA
99946,AMELIA COURT HOUSE,VA
100961,RADFORD,VA
104450,BERRYVILLE,VA
104466,PURCELLVILLE,VA
105150,CARTERSVILLE,VA
105852,SHENANDOAH,VA
106722,DAYTONA,VA
107673,SANDY LEVEL,VA
107977,DUNN LORING,VA
110012,EDINBURG,VA
110396,FERRUM,VA
110498,WINDSOR,VA
110763,MOSELEY,VA
112125,MCKENNY,VA
113387,HIGHLAND SPRINGS,VA
113423,FLINTHILL,VA
114404,GARRISONVILLE,VA
115143,ROSE HILL,VA
116278,RURAL RETREAT,VA
117340,TAPPAHANNOCK,VA
119224,HALIFAX,VA
119260,NORTH DINWIDDIE,VA
119604,TROY,VA
120318,COVINGTON,VA
120338,MIDLAND,VA
120501,MAIDENS,VA
120857,FAIRFAX STATION,VA
121390,APPALACHIA,VA
121784,BALTIMORE,VA
123411,RUSTBURG,VA
125447,MC LEAN,VA
126590,MANASSAS PARK,VA
129107,VIRIGNIA BEACH,VA
129136,HARDY,VA
129599,FOREST,VA
130550,IRVINGTON,VA
131034,MANASSAS VA 20112,VA
131746,NEW CASTLE,VA
131787,LOCUST GROVE,VA
132864,CHATHAM,VA
133528,WOODFORD,VA
134044,WACHAPREAGUE,VA
136125,WYLLIESBURG,VA
136157,BOYCE,VA
136213,MILLBORO,VA
136744,PEARISBURG,VA
137046,FRANKLIN,VA
137349,TABB,VA
137492,HIDDEN PASS SUBDIVISION,VA
138764,ARRINGTON,VA
139465,22039,VA
140079,SWORDS CREEK,VA
140541,CHINCOTEAGUE ISLAND,VA
141128,VANSANT,VA
141389,APT 294,VA
141859,BLACKSBURG,VA
142923,POUNDING MILL,VA
143160,PALMYRA,VA
143249,SOUTH BOSTON,VA
146478,ORANGE,VA
147390,NORTH GARDEN,VA
147494,COLONIA BEACH,VA
147781,STANDSTON,VA
147806,GRUNDY,VA
148382,WIRTZ,VA
149013,CHARLES CITY,VA
149968,ANNADALE,VA
151184,GLADYS,VA
151706,LEXINGTON,VA
151732,GOSHEN,VA
157601,CARSON,VA
158927,DELAPLANE,VA
159246,REDMOND,VA
159411,WARSAW,VA
160987,PROVIDENCE FORGE,VA
162093,"NEWPORT NEWS,",VA
162697,PRTSMOUTH,VA
165244,WOODLAWN,VA
166985,ABINGTON,VA
168915,NEW CANTON,VA
169130,LOVINGSTON,VA
170468,DROPER,VA
171793,FLINT HILL,VA
173318,AMISSVILLE,VA
174314,JEFFERSONTON,VA
176072,SHAWSVILLE,VA
176160,PAEONIAN SPRINGS,VA
177459,AXTON,VA
179879,BREAKS,VA
180004,SOMERSET,VA
181250,PORSTMOUTH,VA
182681,WESTLECO,VA
186772,PRINCE WILLIAM,VA
187294,BEAVERDAM,VA
191706,NEWTOWN,VA
192155,RILL,VA
192552,PORT REPUBLIC,VA
195172,COPPER HILL,VA
195349,QUINTON,VA
197056,KEYSVILLE,VA
197400,SEAFORD,VA
197704,CHRISTIANSBURG,VA
198732,AMELIA,VA
200542,PENHOOK,VA
201055,SOUTH PRINCE GEORGE,VA
201858,BRODNAX,VA
201908,SWOOPE,VA
203298,BROADLANDS,VA
204812,MOUNT JACKSON,VA
206019,ST STEPHENS CHURCH,VA
212200,VESUVIUS,VA
212794,TOBACCOVILLE,VA
213601,CAPERVILLE,VA
214970,MEADOWVIEW,VA
215016,ALINER,VA
215310,SOUTH HILL,VA
216426,MONTPELIER,VA
216658,HUDGINS,VA
217095,RICHLANDS,VA
219609,EWING,VA
223190,GRETNA,VA
223305,GRIMSTEAD,VA
223721,ONANCOCK,VA
224052,MIAMI,VA
224856,STEPHENS CITY,VA
228631,COLLINSVILLE,VA
229270,CHESAPEAK,VA
230214,BRACEY,VA
233169,CHAMPLAIN,VA
233503,FORK UNION,VA
235249,RUCERSVILLE,VA
235620,STONE RIDGE,VA
235784,HIWASSEE,VA
238741,"SHACKLEFORDS,",VA
239289,MANQUIN,VA
241280,FALMOUTH,VA
241453,ROCKVILLE,VA
242315,NEW BALTIMORE,VA
244414,LOVETTSVILLE,VA
245493,THE PLAINS,VA
245933,TASLEY,VA
248236,JAMESVILLE,VA
248387,STERLIING,VA
248705,SYRIA,VA
249470,BELLE HAVEN,VA
252855,SOUTH CHESTERFIELD,VA
253323,MELFA,VA
256275,VIRGNIA BEACH,VA
256877,DUFFIELD,VA
258951,MARTENSVILLE,VA
262405,ROSEDALE,VA
263095,CRANDALL,VA
263428,PRINCE GEORGE,VA
266225,PARKSLEY,VA
267357,ROCKINGHAM,VA
268861,LAUREL FORK,VA
269083,NATUAL BRIDGE STATION,VA
270627,NEWINGTON,VA
271070,ARVONIA,VA
272460,"VIRGINIA BEACH,",VA
273235,AUSTINVILLE,VA
273804,BUFFUS,VA
275540,ARLINGTON STREET,VA
276184,BLUE RIDGE,VA
276365,DELTAVILLE,VA
276385,ALBERMARLE,VA
277508,SAXE,VA
279306,DULLES,VA
281134,GLOUESTER,VA
281673,HENRY,VA
281929,LAKE FREDERICK,VA
282937,ALTA VISTA,VA
283564,NORTH TAZEWELL,VA
283663,KEENE,VA
287587,ACCOMAC,VA
289196,MANASAS,VA
292042,RADIANT,VA
293223,VIENN,VA
293298,IVOR,VA
293307,ROCKBRIDGE,VA
294170,MILLERS TAVERN,VA
295183,PORTHSMOUTH,VA
299003,BUCKINGHAM,VA
299613,CALLOWAY,VA
299690,FRIENDSVILLE,VA
300504,EASTVILLE,VA
301263,FLOYD,VA
304366,LANCASTER,VA
304933,GORE,VA
305792,GAINSVILLE,VA
307037,WINNSBORO,VA
309813,LOUDOUN,VA
322889,BENTONVILLE,VA
325938,DOSWELL,VA
327242,BRIDGEWATER,VA
327500,SCHUYLER,VA
327624,AFTON,VA
327717,GLOUCESTER POINT,VA
328527,EARLYSVILLE,VA
330397,CLINTWOOD,VA
330480,CRIMORA,VA
331366,HILLSVILLE,VA
332353,MADISON HEIGHTS,VA
332547,RAPHINE,VA
343099,N PRINCE GEORGE,VA
343140,DRY FORK,VA
349240,SANDY HOOK,VA
350432,CLIFTON FORGE,VA
351030,NELLYSFORD,VA
355018,PREMBROOK,VA
357217,WARREN SPRINGS,VA
359753,HAMPTON CITY,VA
360730,DRAPER,VA
367057,CALLANDS,VA
367218,FORT BLACKMORE,VA
367380,MOUNT OLIVE,VA
367829,CHESAPEALE,VA
368022,CASTLETON,VA
370418,WINCHSTER,VA
375538,BLUEMONT,VA
375664,MARION,VA
377589,LANAXA,VA
381103,LITTLE ELM,VA
383427,BOYDTON,VA
384578,BROAD RUN,VA
385774,SEMINOLE,VA
390340,BON AIR,VA
395041,WICOMICO CHURCH,VA
396779,SPERYVILLE,VA
397139,FAIRFAIX,VA
398887,FERDERICKSBURG,VA
399412,ALEXANDIA,VA
401072,ELLISTON,VA
402635,UNIONVILLE,VA
405369,FARMVILE,VA
406042,FOREST VA,VA
406064,RUTLAND,VA
408394,MIDDLEBROOK,VA
408430,CLOVER,VA
408444,BLAIRS,VA
414222,EXMORE,VA
416247,KING WILLIAM,VA
418043,POCAHONTAS,VA
418494,WAKEFIELD,VA
419145,FORT MONROE,VA
419560,GASBURG,VA
430294,ONANACOCK,VA
430780,HOT SPRINGS,VA
430997,MANASASS,VA
432150,DORAN,VA
436027,SPENCER,VA
436828,MILFORD,VA
437275,ESMONT,VA
440227,HUDDLESTON,VA
440655,RICE,VA
443526,VIRGINAI BEACH,VA
445754,VA. BEACH,VA
446870,PROSPECT,VA
447493,ELKTON,VA
448094,URBANNA,VA
452645,CHARLOTTE COURTHOUSE,VA
464308,STEPHENSON,VA
465514,LAWRENCEVILLE,VA
467916,MIDLOTHAIAN,VA
470637,BROWNSBURG,VA
470862,ROCKBRIDGE BATHS,VA
471462,LIGNUM,VA
472918,NEWPORT NEWSQ,VA
486095,"RICHMOND,",VA
487568,SELBYVILLE,VA
488754,BUFFALO JUNCTION,VA
490349,RENTON,VA
492604,MANAKIN-SABOT,VA
493455,BURGESS,VA
493982,FREDERICK,VA
494233,MILLWOOD,VA
497134,FRONT ROYAL DRIVE,VA
497547,ROSELAND,VA
499963,CHARLOTTE COURT HOUSE,VA
506856,"COLONIAL HEIGHTS,",VA
508986,GAMBRILLS,VA
509403,WATERFORD,VA
510496,SELMA,VA
511950,NELSON,VA
516149,DUNFRIES,VA
517079,CALLAO,VA
519929,"NORFOLK,",VA
520117,WOODLWAN,VA
521010,JEFFERSON,VA
523166,STEPHEN CITY,VA
525305,KINGSTOWNE,VA
525386,CAVE SPRING,VA
527140,ARART,VA
528029,CLINCHCO,VA
528781,HUNTERSVILLE,VA
529326,FAIRFIELD,VA
529582,POTOMAC FALLS,VA
535500,BUCHANAN,VA
538374,CHRISTIANSURG,VA
538596,GREENBACKVILLE,VA
540417,ENON,VA
540703,SCOTTSDALE,VA
544571,MEHERRIN,VA
544602,KENTS STORE,VA
545798,CHURCH HILL,VA
547031,WARM SPRINGS,VA
547507,LOW MOOR,VA
561532,GREENVILLE,VA
563102,CLOVERDALE,VA
564093,ISLEOF WIGHT,VA
566720,TRIPLET,VA
567782,LORETTO,VA
571134,FINKSBURG,VA
578766,QUINQUE,VA
587045,ROCKWALL,VA
588516,SUTHERLAND,VA
594273,CHALOTTESVILLE,VA
594446,STANDARDSVILLE,VA
594995,CHARLESTON,VA
610960,RAVEN,VA
617869,GREENWOOD,VA
618808,LYNCH STATION,VA
623115,FAIRFAZ,VA
625799,PENN LAIRD,VA
626186,LITTLE PLYMOUTH,VA
626305,MIDDLETOWN,VA
627816,REEDVILLE,VA
633451,SEDLEY,VA
635236,MCKENNEY,VA
639868,NATHALIE,VA
646575,FOREST CITY,VA
651191,FT SMITH,VA
651507,FORT LEE,VA
657804,PATRICK SPRINGS,VA
658340,GROUCESTER POINT,VA
660011,FREE UNION,VA
662777,"GLEN ALLEN,",VA
663587,"SPRING GROVE,",VA
664651,BROADWAY,VA
664655,KENTS STONE,VA
669637,HAYSI,VA
675486,COBURN,VA
675521,COBRIN,VA
677048,CROZIER,VA
677159,CHESPEAKE,VA
678785,GLENN ALLEN,VA
684191,THE PLAINES,VA
687527,SPRINFIELD,VA
692496,MANAKIN,VA
695111,NORTH DINWIDDLE,VA
702980,TBA,VA
704807,MACHINPONGO,VA
707081,EVINGTON,VA
707217,MASSANUTTEN,VA
708745,KEELING,VA
710864,ATLANTIC,VA
711544,ST. STEPHENS CHURCH,VA
713239,SUFFOLK CITY,VA
718533,FARNHAM,VA
726072,BASTIAN,VA
726804,GOODE,VA
733646,PAINTER,VA
735912,RICHARDSVILLE,VA
740826,TBD,VA
744899,GLOUCESTER PT,VA
747426,TOMS BROOK,VA
752594,MARKHAM,VA
758283,FREDERICKSURG,VA
767424,CHRISTINABURG,VA
776084,MATTHEWS,VA
776938,SPORTSYLVANIA,VA
778337,BURR HILL,VA
782439,SULFOLK,VA
787240,KINSALE,VA
788961,VA.BEACH,VA
790132,CLEVELAND,VA
790529,CENTER CROSS,VA
792028,HILTONS,VA
792042,WEST AUGUSTA,VA
792540,BLACKBURG,VA
793747,WIILIAMSBURG,VA
806369,STONY CREEK,VA
809462,"FREDRICKSBURG,",VA
815336,PORTSMOUGH,VA
822308,HUSTLE,VA
823386,STIRLING,VA
823565,WILLILSTON,VA
828163,RHOADSVILLE,VA
836231,VIRINGIA BEACH,VA
837124,REVA,VA
840038,"BROOKNEAL,",VA
843131,MILDOTHIAN,VA
843569,STEELS TAVERNS,VA
849129,HARRSONBURG,VA
849829,VIRGINIA BCH,VA
868983,NORTH,VA
869073,ARLINGON,VA
871528,TOPPING,VA
872357,RED OAK,VA
873848,BASYE,VA
879228,RINGGOLD,VA
882069,PENNINGTON,VA
883974,MCGAHESVILLE,VA
892076,MT. CRAWFORD,VA
893237,LANDSDOWNE,VA
898480,MIDLOTHIAM,VA
903396,ROCKY MT.,VA
904474,CAPRON,VA
907262,MECHANSVILLE,VA
917315,CLEAR BROOK,VA
917834,JARRATT,VA
932972,SPOSTYLVANIA,VA
933256,WESTPOINT,VA
934201,GRAFTON,VA
946557,TEMPERANCEVILLE,VA
958702,KESWICK,VA
959741,MCGAHEYSVILLE,VA
986989,ELKVIEW,VA
990868,KISTLER,VA
990980,NORTH ARLINGTON,VA
1004433,COLES POINT,VA
1006329,FINCASTLE,VA
1011456,DEWITT,VA
1019134,CLAREMONT,VA
1027644,PINEY RIVER,VA
1028581,NEW CAONTON,VA
1049950,S. CHESTERFIELD,VA
1053596,VERONA,VA
1054264,FIELDALE,VA
1059933,RILEYVILLE,VA
1064454,LOWESVILLE,VA
1071638,LEXINGOTN,VA
1075252,LACROSSE,VA
1082977,"DUMFRIES,",VA
1086207,VIRGILINA,VA
1086715,HUNTLY,VA
1087200,VIRIGINA BEAC,VA
1108099,JACKSON,VA
1115686,GATE CITY,VA
1126240,"N. CHESTERFIELD,",VA
1136901,SHENNANDOAH,VA
1148372,LANSDOWNE,VA
1151432,CHARLOTTE,VA
1152507,HALLWOOD,VA
